,name,album,release_date,track_number,id,uri,acousticness,danceability,energy,instrumentalness,liveness,loudness,speechiness,tempo,valence,popularity,duration_ms
0,Lavender Haze,Midnights (3am Edition),2022-10-22,1,4g2c7NoTWAOSYDy44l9nub,spotify:track:4g2c7NoTWAOSYDy44l9nub,0.204,0.735,0.444,0.0012,0.17,-10.519,0.0684,97.038,0.0984,83,202395
1,Maroon,Midnights (3am Edition),2022-10-22,2,199E1RRrVmVTQqBXih5qRC,spotify:track:199E1RRrVmVTQqBXih5qRC,0.0593,0.658,0.378,0.0,0.0976,-8.3,0.0379,108.034,0.0382,83,218270
2,Anti-Hero,Midnights (3am Edition),2022-10-22,3,02Zkkf2zMkwRGQjZ7T4p8f,spotify:track:02Zkkf2zMkwRGQjZ7T4p8f,0.133,0.638,0.634,1.23e-06,0.152,-6.582,0.0457,96.953,0.519,84,200690
3,Snow On The Beach (feat. Lana Del Rey),Midnights (3am Edition),2022-10-22,4,6ADDIJxxqzM9LMpm78yzQG,spotify:track:6ADDIJxxqzM9LMpm78yzQG,0.735,0.659,0.323,0.00321,0.116,-13.425,0.0436,110.007,0.154,82,256124
4,"You're On Your Own, Kid",Midnights (3am Edition),2022-10-22,5,7gVWKBcfIW93YxNBi3ApIE,spotify:track:7gVWKBcfIW93YxNBi3ApIE,0.416,0.694,0.38,8.47e-06,0.126,-10.307,0.0614,120.044,0.376,83,194206
5,Midnight Rain,Midnights (3am Edition),2022-10-22,6,6Nl7KyvjkFncGsjB49SxLl,spotify:track:6Nl7KyvjkFncGsjB49SxLl,0.71,0.636,0.377,6.51e-05,0.115,-11.721,0.0708,139.966,0.23,83,174782
6,Question...?,Midnights (3am Edition),2022-10-22,7,6C7OF1Jal7YkyjzyUG8vkK,spotify:track:6C7OF1Jal7YkyjzyUG8vkK,0.226,0.751,0.502,0.0,0.297,-8.777,0.162,108.989,0.112,82,210556
7,Vigilante Shit,Midnights (3am Edition),2022-10-22,8,5yeuXkukVGuix3vmLu2BPJ,spotify:track:5yeuXkukVGuix3vmLu2BPJ,0.16,0.87,0.279,1.74e-05,0.121,-11.134,0.364,79.996,0.16,81,164801
8,Bejeweled,Midnights (3am Edition),2022-10-22,9,0jvo9CjnbR0lYUDTSNTMiu,spotify:track:0jvo9CjnbR0lYUDTSNTMiu,0.0661,0.7,0.55,0.000102,0.091,-9.13,0.0653,164.003,0.412,83,194165
9,Labyrinth,Midnights (3am Edition),2022-10-22,10,43q586vP8gGkYypKoSddhl,spotify:track:43q586vP8gGkYypKoSddhl,0.791,0.487,0.313,0.348,0.124,-15.434,0.0487,110.039,0.141,80,247962
10,Karma,Midnights (3am Edition),2022-10-22,11,5oqDgw5VGBln5dSIOPWyBq,spotify:track:5oqDgw5VGBln5dSIOPWyBq,0.074,0.649,0.622,0.0,0.594,-7.054,0.0582,90.024,0.106,83,204852
11,Sweet Nothing,Midnights (3am Edition),2022-10-22,12,3zmwONxswBAzGwExPugSLN,spotify:track:3zmwONxswBAzGwExPugSLN,0.967,0.334,0.161,4.71e-05,0.115,-14.875,0.0506,176.747,0.396,80,188496
12,Mastermind,Midnights (3am Edition),2022-10-22,13,56hioFjQ0DXrdn04hZcFgG,spotify:track:56hioFjQ0DXrdn04hZcFgG,0.571,0.661,0.352,0.00147,0.0884,-14.077,0.117,125.934,0.13,81,191039
13,The Great War,Midnights (3am Edition),2022-10-22,14,3UMrglJeju5yWyYIW6o99b,spotify:track:3UMrglJeju5yWyYIW6o99b,0.219,0.573,0.741,2.23e-05,0.0842,-8.987,0.0353,96.016,0.554,85,240355
14,Bigger Than The Whole Sky,Midnights (3am Edition),2022-10-22,15,0BiqmkasE5FdrChwKfVp8X,spotify:track:0BiqmkasE5FdrChwKfVp8X,0.826,0.422,0.235,0.00648,0.115,-12.379,0.0568,165.71,0.068,83,218502
15,Paris,Midnights (3am Edition),2022-10-22,16,7712gjoih4QoDbXpljEk21,spotify:track:7712gjoih4QoDbXpljEk21,0.112,0.7,0.509,3.27e-05,0.137,-10.547,0.0789,110.947,0.345,82,196258
16,High Infidelity,Midnights (3am Edition),2022-10-22,17,5kiZGSxgqPdv6rbqL9THdd,spotify:track:5kiZGSxgqPdv6rbqL9THdd,0.723,0.646,0.529,0.0,0.0885,-10.179,0.0864,87.862,0.755,81,231475
17,Glitch,Midnights (3am Edition),2022-10-22,18,6wAFvJPpTZVirBKGZ4EnMW,spotify:track:6wAFvJPpTZVirBKGZ4EnMW,0.361,0.675,0.466,0.0,0.11,-9.738,0.201,140.864,0.347,80,148781
18,"Would've, Could've, Should've",Midnights (3am Edition),2022-10-22,19,0aV5uARAknQgYhBaK944FP,spotify:track:0aV5uARAknQgYhBaK944FP,0.43,0.483,0.84,0.000575,0.146,-6.508,0.119,157.979,0.55,84,260361
19,Dear Reader,Midnights (3am Edition),2022-10-22,20,3QF5RsWzK1lCvf2o2cY65P,spotify:track:3QF5RsWzK1lCvf2o2cY65P,0.481,0.562,0.388,0.00145,0.117,-12.088,0.0705,107.747,0.159,80,225194
66,State Of Grace (Taylor's Version),Red (Taylor's Version),2021-11-12,1,6lzc0Al0zfZOIFsFvBS1ki,spotify:track:6lzc0Al0zfZOIFsFvBS1ki,0.000328,0.594,0.713,0.0,0.114,-5.314,0.0503,129.958,0.328,69,295413
67,Red (Taylor's Version),Red (Taylor's Version),2021-11-12,2,4OAuvHryIVv4kMDNSLuPt6,spotify:track:4OAuvHryIVv4kMDNSLuPt6,0.00108,0.516,0.777,1.62e-06,0.0761,-4.908,0.0375,125.047,0.408,76,223093
68,Treacherous (Taylor's Version),Red (Taylor's Version),2021-11-12,3,3S7HNKPakdwNEBFIVTL6dZ,spotify:track:3S7HNKPakdwNEBFIVTL6dZ,0.0344,0.645,0.593,0.000127,0.13,-6.506,0.0288,109.984,0.299,69,242720
69,I Knew You Were Trouble (Taylor's Version),Red (Taylor's Version),2021-11-12,4,6AtZLIzUINvExIUy4QhdjP,spotify:track:6AtZLIzUINvExIUy4QhdjP,0.0129,0.584,0.557,0.0,0.0576,-6.371,0.0342,154.008,0.767,74,219760
70,All Too Well (Taylor's Version),Red (Taylor's Version),2021-11-12,5,3nsfB1vus2qaloUdcBZvDu,spotify:track:3nsfB1vus2qaloUdcBZvDu,0.0171,0.44,0.528,0.00203,0.234,-7.809,0.0317,185.972,0.132,75,329160
71,22 (Taylor's Version),Red (Taylor's Version),2021-11-12,6,3yII7UwgLF6K5zW3xad3MP,spotify:track:3yII7UwgLF6K5zW3xad3MP,0.000443,0.642,0.695,1.02e-05,0.0753,-5.62,0.0281,103.984,0.642,72,230960
72,I Almost Do (Taylor's Version),Red (Taylor's Version),2021-11-12,7,2r9CbjYgFhtAmcFv1cSquB,spotify:track:2r9CbjYgFhtAmcFv1cSquB,0.0167,0.511,0.559,0.0,0.113,-6.587,0.0264,145.88,0.248,67,244586
73,We Are Never Ever Getting Back Together (Taylor's Version),Red (Taylor's Version),2021-11-12,8,5YqltLsjdqFtvqE7Nrysvs,spotify:track:5YqltLsjdqFtvqE7Nrysvs,0.0317,0.567,0.686,1.86e-06,0.0732,-6.139,0.175,172.014,0.716,74,193146
74,Stay Stay Stay (Taylor's Version),Red (Taylor's Version),2021-11-12,9,7eQj6r5PIdYKEIZjucBMcq,spotify:track:7eQj6r5PIdYKEIZjucBMcq,0.0848,0.693,0.681,0.0,0.0768,-7.039,0.025,100.02,0.663,67,205786
75,The Last Time (feat. Gary Lightbody of Snow Patrol) (Taylor’s Version),Red (Taylor's Version),2021-11-12,10,0y6kdSRCVQhSsHSpWvTUm7,spotify:track:0y6kdSRCVQhSsHSpWvTUm7,0.0399,0.502,0.534,0.0,0.0977,-5.954,0.0278,94.05,0.155,69,299080
76,Holy Ground (Taylor's Version),Red (Taylor's Version),2021-11-12,11,7J4b3LVCIGO4CMBDFLPoP6,spotify:track:7J4b3LVCIGO4CMBDFLPoP6,0.0288,0.622,0.809,0.00218,0.109,-5.623,0.0638,156.894,0.511,66,202960
77,Sad Beautiful Tragic (Taylor's Version),Red (Taylor's Version),2021-11-12,12,73qMN9bXy7MSPwwGfH3wQr,spotify:track:73qMN9bXy7MSPwwGfH3wQr,0.622,0.601,0.406,9.19e-05,0.133,-11.827,0.0275,130.059,0.232,68,284773
78,The Lucky One (Taylor's Version),Red (Taylor's Version),2021-11-12,13,4e5ayHsOLJNLTGfjau2mEw,spotify:track:4e5ayHsOLJNLTGfjau2mEw,0.066,0.686,0.571,0.0,0.0608,-7.138,0.05,117.889,0.538,66,240466
79,Everything Has Changed (feat. Ed Sheeran) (Taylor’s Version),Red (Taylor's Version),2021-11-12,14,7qEUFOVcxRI19tbT68JcYK,spotify:track:7qEUFOVcxRI19tbT68JcYK,0.271,0.498,0.61,0.0,0.223,-5.098,0.0363,79.918,0.474,71,245426
80,Starlight (Taylor's Version),Red (Taylor's Version),2021-11-12,15,7A2cNLRT0YJc1yjxHlKihs,spotify:track:7A2cNLRT0YJc1yjxHlKihs,0.00324,0.628,0.685,0.0,0.18,-5.864,0.0358,126.014,0.605,65,220413
81,Begin Again (Taylor's Version),Red (Taylor's Version),2021-11-12,16,05GsNucq8Bngd9fnd4fRa0,spotify:track:05GsNucq8Bngd9fnd4fRa0,0.075,0.519,0.527,0.0,0.132,-7.673,0.0274,78.915,0.267,69,238866
82,The Moment I Knew (Taylor's Version),Red (Taylor's Version),2021-11-12,17,0NRHj8hDwwmSPaA41o379r,spotify:track:0NRHj8hDwwmSPaA41o379r,0.0494,0.636,0.402,0.0,0.107,-7.855,0.031,125.952,0.208,65,285280
83,Come Back...Be Here (Taylor's Version),Red (Taylor's Version),2021-11-12,18,4pNApnaUWAL2J4KO2eqokq,spotify:track:4pNApnaUWAL2J4KO2eqokq,0.0158,0.46,0.632,0.0,0.0822,-6.031,0.0302,79.846,0.399,69,223333
84,Girl At Home (Taylor's Version),Red (Taylor's Version),2021-11-12,19,0DMVrlMUn01M0IcpDbwgu7,spotify:track:0DMVrlMUn01M0IcpDbwgu7,0.00955,0.691,0.736,1.88e-05,0.101,-6.974,0.0326,125.089,0.612,63,220520
85,State Of Grace (Acoustic Version) (Taylor's Version),Red (Taylor's Version),2021-11-12,20,5jAIouBES8LWMiriuNq170,spotify:track:5jAIouBES8LWMiriuNq170,0.663,0.445,0.131,1.57e-06,0.108,-13.778,0.0564,208.918,0.101,63,321640
86,Ronan (Taylor's Version),Red (Taylor's Version),2021-11-12,21,7nWui6jiMM2m9qFmET1Mtj,spotify:track:7nWui6jiMM2m9qFmET1Mtj,0.661,0.623,0.279,0.0,0.193,-10.802,0.031,116.04,0.38,61,264253
87,Better Man (Taylor's Version) (From The Vault),Red (Taylor's Version),2021-11-12,22,4OmFmE0fzcMG6g0Y8p4eSD,spotify:track:4OmFmE0fzcMG6g0Y8p4eSD,0.214,0.473,0.579,0.0,0.0877,-5.824,0.0384,73.942,0.255,69,297013
88,Nothing New (feat. Phoebe Bridgers) (Taylor’s Version) (From The Vault),Red (Taylor's Version),2021-11-12,23,01K4zKU104LyJ8gMb7227B,spotify:track:01K4zKU104LyJ8gMb7227B,0.817,0.606,0.377,0.0,0.154,-9.455,0.0275,101.96,0.446,75,258812
89,Babe (Taylor's Version) (From The Vault),Red (Taylor's Version),2021-11-12,24,0v4z1tuZvn6LGknom9Qx7d,spotify:track:0v4z1tuZvn6LGknom9Qx7d,0.0538,0.584,0.743,2.83e-06,0.121,-7.075,0.0931,167.844,0.746,70,224240
90,Message In A Bottle (Taylor's Version) (From The Vault),Red (Taylor's Version),2021-11-12,25,3z6XUommYDWPHeFhmhhT6j,spotify:track:3z6XUommYDWPHeFhmhhT6j,0.00188,0.622,0.791,3.72e-06,0.083,-6.106,0.0535,115.915,0.494,73,225960
91,I Bet You Think About Me (feat. Chris Stapleton) (Taylor’s Version) (From The Vault),Red (Taylor's Version),2021-11-12,26,4CkgMiMqZ5JzW9iYXSTMTL,spotify:track:4CkgMiMqZ5JzW9iYXSTMTL,0.167,0.391,0.715,0.0,0.183,-4.516,0.0495,149.654,0.473,74,285106
92,Forever Winter (Taylor's Version) (From The Vault),Red (Taylor's Version),2021-11-12,27,3oGVx9RBmiYGv5ZCecWLkx,spotify:track:3oGVx9RBmiYGv5ZCecWLkx,0.256,0.611,0.552,0.0,0.134,-5.828,0.031,116.012,0.41,66,263533
93,Run (feat. Ed Sheeran) (Taylor’s Version) (From The Vault),Red (Taylor's Version),2021-11-12,28,4IQkfUsrwXol38VV3U7t7T,spotify:track:4IQkfUsrwXol38VV3U7t7T,0.817,0.61,0.488,0.0,0.312,-6.918,0.0293,125.039,0.443,71,240226
94,The Very First Night (Taylor's Version) (From The Vault),Red (Taylor's Version),2021-11-12,29,6pYNq0ZwpPVazKzsqpf0G8,spotify:track:6pYNq0ZwpPVazKzsqpf0G8,0.00115,0.678,0.733,0.0,0.104,-5.025,0.0281,121.009,0.581,73,200280
95,All Too Well (10 Minute Version) (Taylor's Version) (From The Vault),Red (Taylor's Version),2021-11-12,30,5enxwA8aAbwZbf5qCHORXi,spotify:track:5enxwA8aAbwZbf5qCHORXi,0.274,0.631,0.518,0.0,0.088,-8.771,0.0303,93.023,0.205,83,613026
126,Fearless (Taylor’s Version),Fearless (Taylor's Version),2021-04-09,1,77sMIMlNaSURUAXq5coCxE,spotify:track:77sMIMlNaSURUAXq5coCxE,0.0122,0.569,0.741,0.0,0.333,-4.963,0.0282,100.118,0.43,71,241591
127,Fifteen (Taylor’s Version),Fearless (Taylor's Version),2021-04-09,2,2nqio0SfWg6gh2eCtfuMa5,spotify:track:2nqio0SfWg6gh2eCtfuMa5,0.116,0.559,0.646,0.0,0.32,-4.61,0.0272,95.466,0.289,67,294419
128,Love Story (Taylor’s Version),Fearless (Taylor's Version),2021-04-09,3,6YvqWjhGD8mB5QXcbcUKtx,spotify:track:6YvqWjhGD8mB5QXcbcUKtx,0.13,0.627,0.792,3.97e-06,0.0845,-4.311,0.031,119.054,0.415,77,235766
129,Hey Stephen (Taylor’s Version),Fearless (Taylor's Version),2021-04-09,4,550erGcdD9n6PnwxrvYqZT,spotify:track:550erGcdD9n6PnwxrvYqZT,0.106,0.788,0.571,0.0,0.0934,-6.135,0.0296,115.99,0.797,66,254254
130,White Horse (Taylor’s Version),Fearless (Taylor's Version),2021-04-09,5,5YL553x8sHderRBDlm3NM3,spotify:track:5YL553x8sHderRBDlm3NM3,0.369,0.423,0.517,0.0,0.177,-7.377,0.0486,185.262,0.366,67,234515
131,You Belong With Me (Taylor’s Version),Fearless (Taylor's Version),2021-04-09,6,1qrpoAMXodY6895hGKoUpA,spotify:track:1qrpoAMXodY6895hGKoUpA,0.0623,0.632,0.773,0.0,0.0885,-4.856,0.0346,130.033,0.474,80,231124
132,Breathe (feat. Colbie Caillat) (Taylor’s Version),Fearless (Taylor's Version),2021-04-09,7,7HC7R2D8WjXVcUHJyEGjRs,spotify:track:7HC7R2D8WjXVcUHJyEGjRs,0.156,0.506,0.626,0.0,0.228,-6.066,0.0287,148.035,0.321,64,263377
133,Tell Me Why (Taylor’s Version),Fearless (Taylor's Version),2021-04-09,8,0k0vFacOHNuArLWMiH60p7,spotify:track:0k0vFacOHNuArLWMiH60p7,0.0222,0.578,0.909,0.0,0.333,-3.669,0.0628,100.023,0.541,63,200575
134,You’re Not Sorry (Taylor’s Version),Fearless (Taylor's Version),2021-04-09,9,6iiAfo4wTA2CVC3Uwx9uh8,spotify:track:6iiAfo4wTA2CVC3Uwx9uh8,0.0538,0.506,0.444,0.0,0.123,-4.99,0.0285,133.873,0.241,65,261842
135,The Way I Loved You (Taylor’s Version),Fearless (Taylor's Version),2021-04-09,10,22bPsP2jCgbLUvh82U0Z3M,spotify:track:22bPsP2jCgbLUvh82U0Z3M,0.0033,0.402,0.732,0.0,0.108,-4.665,0.0484,161.032,0.472,81,243136
136,Forever & Always (Taylor’s Version),Fearless (Taylor's Version),2021-04-09,11,1msEuwSBneBKpVCZQcFTsU,spotify:track:1msEuwSBneBKpVCZQcFTsU,0.0231,0.598,0.821,0.0,0.143,-4.433,0.0447,128.03,0.673,69,225328
137,The Best Day (Taylor’s Version),Fearless (Taylor's Version),2021-04-09,12,6ON9UuIq49xXY9GPmHIYRp,spotify:track:6ON9UuIq49xXY9GPmHIYRp,0.488,0.642,0.576,0.0,0.159,-8.524,0.0282,125.0,0.469,62,245290
138,Change (Taylor’s Version),Fearless (Taylor's Version),2021-04-09,13,3ExweHKZF9B752DPQByRVT,spotify:track:3ExweHKZF9B752DPQByRVT,0.000191,0.499,0.815,0.0,0.181,-4.063,0.0341,95.999,0.344,61,279359
139,Jump Then Fall (Taylor’s Version),Fearless (Taylor's Version),2021-04-09,14,2m3ObD945KvpE5y9A1eUWm,spotify:track:2m3ObD945KvpE5y9A1eUWm,0.0474,0.572,0.69,0.0,0.0897,-6.201,0.0358,160.111,0.624,63,237580
140,Untouchable (Taylor’s Version),Fearless (Taylor's Version),2021-04-09,15,0tQ9vBYpldCuikPsbgOVKA,spotify:track:0tQ9vBYpldCuikPsbgOVKA,0.0181,0.393,0.531,0.0,0.169,-6.112,0.0329,200.391,0.224,64,312107
141,Forever & Always (Piano Version) (Taylor’s Version),Fearless (Taylor's Version),2021-04-09,16,01QdEx6kFr78ZejhQtWR5m,spotify:track:01QdEx6kFr78ZejhQtWR5m,0.819,0.546,0.273,0.0,0.137,-9.208,0.0308,118.753,0.271,63,267833
142,Come In With The Rain (Taylor’s Version),Fearless (Taylor's Version),2021-04-09,17,1n2wszmJyVkw6FHqyLnQsY,spotify:track:1n2wszmJyVkw6FHqyLnQsY,0.0406,0.476,0.564,0.0,0.102,-5.677,0.0269,143.929,0.167,60,237338
143,Superstar (Taylor’s Version),Fearless (Taylor's Version),2021-04-09,18,51A8eKvvZz9uydvIZ7xRSV,spotify:track:51A8eKvvZz9uydvIZ7xRSV,0.157,0.454,0.555,0.0,0.343,-6.69,0.0283,171.862,0.171,59,263865
144,The Other Side Of The Door (Taylor’s Version),Fearless (Taylor's Version),2021-04-09,19,1cSFlSBdpT4F5vb1frQ231,spotify:track:1cSFlSBdpT4F5vb1frQ231,0.0279,0.432,0.873,0.0,0.167,-4.367,0.0577,163.936,0.629,65,238443
145,Today Was A Fairytale (Taylor’s Version),Fearless (Taylor's Version),2021-04-09,20,2JoJrsEV15OzbijS47lids,spotify:track:2JoJrsEV15OzbijS47lids,0.0135,0.482,0.779,0.0,0.296,-5.025,0.0409,158.162,0.328,62,241822
146,You All Over Me (feat. Maren Morris) (Taylor’s Version) (From The Vault),Fearless (Taylor's Version),2021-04-09,21,4CHpVfAhuxNJ3ibExe6kxO,spotify:track:4CHpVfAhuxNJ3ibExe6kxO,0.816,0.599,0.494,0.0,0.101,-7.61,0.0372,142.893,0.44,62,220839
147,Mr. Perfectly Fine (Taylor’s Version) (From The Vault),Fearless (Taylor's Version),2021-04-09,22,2CYVETnhM9aytqrazYYwrK,spotify:track:2CYVETnhM9aytqrazYYwrK,0.162,0.66,0.817,0.0,0.0667,-6.269,0.0521,135.942,0.714,71,277591
148,We Were Happy (Taylor’s Version) (From The Vault),Fearless (Taylor's Version),2021-04-09,23,34V9RiEPe8MNdU32qJsJa1,spotify:track:34V9RiEPe8MNdU32qJsJa1,0.849,0.609,0.373,0.0,0.0779,-8.819,0.0263,106.007,0.13,62,244236
149,That’s When (feat. Keith Urban) (Taylor’s Version) (From The Vault),Fearless (Taylor's Version),2021-04-09,24,7eResoqEJJAVTkQYSqvO3P,spotify:track:7eResoqEJJAVTkQYSqvO3P,0.225,0.588,0.608,0.0,0.092,-7.062,0.0365,90.201,0.508,65,189495
150,Don’t You (Taylor’s Version) (From The Vault),Fearless (Taylor's Version),2021-04-09,25,4uuEGH5SVuzkkSFjo2DEiY,spotify:track:4uuEGH5SVuzkkSFjo2DEiY,0.514,0.563,0.473,1.2e-05,0.109,-11.548,0.0503,101.934,0.405,64,208608
151,Bye Bye Baby (Taylor’s Version) (From The Vault),Fearless (Taylor's Version),2021-04-09,26,4qUijfYU8EoIWiY6oSyrgT,spotify:track:4qUijfYU8EoIWiY6oSyrgT,0.334,0.624,0.624,0.0,0.0995,-7.86,0.0539,80.132,0.527,62,242157
152,willow,evermore (deluxe version),2021-01-07,1,2gVhfX2Gy1T9kDuS9azrF7,spotify:track:2gVhfX2Gy1T9kDuS9azrF7,0.833,0.392,0.574,0.00179,0.145,-9.195,0.17,81.112,0.529,68,214706
153,champagne problems,evermore (deluxe version),2021-01-07,2,1gcyHQpBQ1lfXGdhZmWrHP,spotify:track:1gcyHQpBQ1lfXGdhZmWrHP,0.92,0.462,0.24,0.0,0.113,-12.077,0.0377,171.319,0.32,70,244000
154,gold rush,evermore (deluxe version),2021-01-07,3,3Dby3p1m6IOZn2gIIqECgK,spotify:track:3Dby3p1m6IOZn2gIIqECgK,0.83,0.512,0.462,0.166,0.121,-10.491,0.0408,112.05,0.353,67,185320
155,‘tis the damn season,evermore (deluxe version),2021-01-07,4,6sQckd3Z8NPxVVKUnavY1F,spotify:track:6sQckd3Z8NPxVVKUnavY1F,0.735,0.575,0.434,6.59e-05,0.105,-8.193,0.0312,145.916,0.348,68,229840
156,tolerate it,evermore (deluxe version),2021-01-07,5,6lCvK2AR2uOKkVFCVlAzzm,spotify:track:6lCvK2AR2uOKkVFCVlAzzm,0.878,0.316,0.361,2.67e-05,0.0797,-10.381,0.0488,74.952,0.221,67,245440
157,"no body, no crime (feat. HAIM)",evermore (deluxe version),2021-01-07,6,6uwfVkaOM1mcMkFmSn35ix,spotify:track:6uwfVkaOM1mcMkFmSn35ix,0.418,0.546,0.613,0.0,0.103,-7.589,0.0264,79.015,0.535,66,215626
158,happiness,evermore (deluxe version),2021-01-07,7,55Vf4bimc1Rtfg0PAQRAo2,spotify:track:55Vf4bimc1Rtfg0PAQRAo2,0.87,0.559,0.334,0.0,0.114,-10.733,0.0376,122.079,0.211,65,315146
159,dorothea,evermore (deluxe version),2021-01-07,8,66tOfHVH3aUrscg8vExRV4,spotify:track:66tOfHVH3aUrscg8vExRV4,0.696,0.605,0.488,0.0,0.129,-8.322,0.0264,119.966,0.354,65,225880
160,coney island (feat. The National),evermore (deluxe version),2021-01-07,9,2awNGIJHodfLZSClB3PYhz,spotify:track:2awNGIJHodfLZSClB3PYhz,0.819,0.537,0.537,0.000904,0.142,-11.266,0.0617,107.895,0.292,66,275320
161,ivy,evermore (deluxe version),2021-01-07,10,43Ykum9T72UOPhBN31grpN,spotify:track:43Ykum9T72UOPhBN31grpN,0.855,0.515,0.545,1.97e-05,0.0921,-9.277,0.0353,88.856,0.535,66,260440
162,cowboy like me,evermore (deluxe version),2021-01-07,11,52OkpDsU6MmPx1AwGOb6Ap,spotify:track:52OkpDsU6MmPx1AwGOb6Ap,0.768,0.604,0.517,0.000155,0.123,-9.014,0.0347,127.967,0.511,66,275040
163,long story short,evermore (deluxe version),2021-01-07,12,5VYWxXUpxuxEmCqMLDqICo,spotify:track:5VYWxXUpxuxEmCqMLDqICo,0.66,0.546,0.73,0.179,0.0972,-7.704,0.0417,157.895,0.573,65,215920
164,marjorie,evermore (deluxe version),2021-01-07,13,5uICWmZTLkpEVbK22PBP6e,spotify:track:5uICWmZTLkpEVbK22PBP6e,0.876,0.535,0.561,0.000136,0.115,-11.609,0.0484,96.103,0.287,64,257773
165,closure,evermore (deluxe version),2021-01-07,14,6a8aUhYbaQBUI8PcJ5ZmQ6,spotify:track:6a8aUhYbaQBUI8PcJ5ZmQ6,0.835,0.689,0.704,4.83e-06,0.134,-10.813,0.245,151.884,0.92,63,180653
166,evermore (feat. Bon Iver),evermore (deluxe version),2021-01-07,15,6Wlq9rqkxrqj5Kls4Kw14H,spotify:track:6Wlq9rqkxrqj5Kls4Kw14H,0.937,0.39,0.27,0.00227,0.111,-10.673,0.0308,125.177,0.32,66,304106
167,right where you left me - bonus track,evermore (deluxe version),2021-01-07,16,3zwMVvkBe2qIKDObWgXw4N,spotify:track:3zwMVvkBe2qIKDObWgXw4N,0.769,0.581,0.619,0.000106,0.117,-6.524,0.0282,137.915,0.645,77,245026
168,it’s time to go - bonus track,evermore (deluxe version),2021-01-07,17,1kdWw77ZpYOkhxeuhzU1j6,spotify:track:1kdWw77ZpYOkhxeuhzU1j6,0.801,0.592,0.41,1.39e-05,0.09,-12.426,0.0397,151.923,0.416,68,254640
299,the 1,folklore (deluxe version),2020-08-18,1,4pfrrhvplbJZAIsfosGWQP,spotify:track:4pfrrhvplbJZAIsfosGWQP,0.75,0.78,0.361,7.14e-06,0.108,-6.942,0.048,139.902,0.163,68,210240
300,cardigan,folklore (deluxe version),2020-08-18,2,0KRYCBwIpWYFNrXOmXbyUh,spotify:track:0KRYCBwIpWYFNrXOmXbyUh,0.525,0.612,0.58,0.000414,0.26,-8.572,0.0419,130.045,0.534,70,239560
301,the last great american dynasty,folklore (deluxe version),2020-08-18,3,2olxzvoFI9IpxqFeUv7WOX,spotify:track:2olxzvoFI9IpxqFeUv7WOX,0.481,0.688,0.653,0.00414,0.106,-8.558,0.0403,147.991,0.701,66,231000
302,exile (feat. Bon Iver),folklore (deluxe version),2020-08-18,4,5S4aYQAJOwJMAamANWlICO,spotify:track:5S4aYQAJOwJMAamANWlICO,0.761,0.31,0.374,2.46e-05,0.11,-8.464,0.0275,75.938,0.16,67,285640
303,my tears ricochet,folklore (deluxe version),2020-08-18,5,5P2bHCDM2tsgIaYWsZMhu5,spotify:track:5P2bHCDM2tsgIaYWsZMhu5,0.814,0.456,0.265,0.0,0.0679,-10.663,0.0328,129.947,0.112,67,255893
304,mirrorball,folklore (deluxe version),2020-08-18,6,2I8YAEA1VmCuP1wkJHMpTw,spotify:track:2I8YAEA1VmCuP1wkJHMpTw,0.686,0.549,0.417,1.9e-06,0.0604,-10.064,0.035,110.137,0.347,67,208973
305,seven,folklore (deluxe version),2020-08-18,7,76mOLcXOjOEhyY4mMF1l3r,spotify:track:76mOLcXOjOEhyY4mMF1l3r,0.888,0.602,0.494,2.59e-05,0.0902,-10.813,0.0277,94.955,0.374,66,208906
306,august,folklore (deluxe version),2020-08-18,8,6nK2pIKFcRc5frrZKHgsiT,spotify:track:6nK2pIKFcRc5frrZKHgsiT,0.553,0.387,0.634,6.93e-05,0.0931,-9.222,0.0363,89.567,0.42,68,261920
307,this is me trying,folklore (deluxe version),2020-08-18,9,7cm50Lw03k6VvRauJtkyTj,spotify:track:7cm50Lw03k6VvRauJtkyTj,0.312,0.511,0.478,2.3e-05,0.147,-9.837,0.0322,135.882,0.408,67,195106
308,illicit affairs,folklore (deluxe version),2020-08-18,10,6DrLROM5MG9bxWHeEG5elq,spotify:track:6DrLROM5MG9bxWHeEG5elq,0.862,0.529,0.304,0.0,0.108,-10.567,0.0356,119.58,0.44,66,190893
309,invisible string,folklore (deluxe version),2020-08-18,11,2ehRU518I0hYqMGQnk4lDY,spotify:track:2ehRU518I0hYqMGQnk4lDY,0.859,0.651,0.459,6.63e-05,0.105,-11.128,0.0507,83.455,0.454,66,252880
310,mad woman,folklore (deluxe version),2020-08-18,12,0RP1kqoSPkVXsKiQNhMKzV,spotify:track:0RP1kqoSPkVXsKiQNhMKzV,0.67,0.593,0.7,6.77e-06,0.116,-9.016,0.0492,141.898,0.451,64,237266
311,epiphany,folklore (deluxe version),2020-08-18,13,1EXa37LpSvi3OQ9UYQ28rD,spotify:track:1EXa37LpSvi3OQ9UYQ28rD,0.727,0.317,0.254,0.000326,0.0867,-13.679,0.0286,93.933,0.103,63,289746
312,betty,folklore (deluxe version),2020-08-18,14,3IhtE4fkytdrtEfV34UzkD,spotify:track:3IhtE4fkytdrtEfV34UzkD,0.589,0.595,0.376,0.0,0.0989,-8.767,0.0256,95.946,0.476,64,294520
313,peace,folklore (deluxe version),2020-08-18,15,6JlI8Ay77m4nJvZTHvfT1J,spotify:track:6JlI8Ay77m4nJvZTHvfT1J,0.916,0.644,0.284,1.5e-05,0.0909,-12.879,0.0821,150.072,0.328,63,234000
314,hoax,folklore (deluxe version),2020-08-18,16,0YeDG5HnKnG7jpArkzsSPa,spotify:track:0YeDG5HnKnG7jpArkzsSPa,0.964,0.676,0.178,7.9e-06,0.135,-15.01,0.0394,118.84,0.404,63,220040
315,the lakes - bonus track,folklore (deluxe version),2020-08-18,17,0eFQWVz0qIxDOvhLpZ40P7,spotify:track:0eFQWVz0qIxDOvhLpZ40P7,0.842,0.313,0.258,1.3e-06,0.0948,-11.532,0.0383,179.947,0.268,67,211813
365,I Forgot That You Existed,Lover,2019-08-23,1,43rA71bccXFGD4C8GOpIlN,spotify:track:43rA71bccXFGD4C8GOpIlN,0.298,0.664,0.316,2.03e-06,0.0812,-10.345,0.519,92.875,0.541,72,170640
366,Cruel Summer,Lover,2019-08-23,2,1BxfuPKGuaTgP7aM0Bbdwr,spotify:track:1BxfuPKGuaTgP7aM0Bbdwr,0.117,0.552,0.702,2.06e-05,0.105,-5.707,0.157,169.994,0.564,84,178426
367,Lover,Lover,2019-08-23,3,1dGr1c8CrMLDpV6mPbImSI,spotify:track:1dGr1c8CrMLDpV6mPbImSI,0.492,0.359,0.543,1.58e-05,0.118,-7.582,0.0919,68.534,0.453,85,221306
368,The Man,Lover,2019-08-23,4,3RauEVgRgj1IuWdJ9fDs70,spotify:track:3RauEVgRgj1IuWdJ9fDs70,0.0767,0.777,0.658,0.0,0.0901,-5.191,0.054,110.048,0.633,79,190360
369,The Archer,Lover,2019-08-23,5,3pHkh7d0lzM2AldUtz2x37,spotify:track:3pHkh7d0lzM2AldUtz2x37,0.12,0.292,0.574,0.00569,0.0663,-9.375,0.0401,124.344,0.166,72,211240
370,I Think He Knows,Lover,2019-08-23,6,2YWtcWi3a83pdEg3Gif4Pd,spotify:track:2YWtcWi3a83pdEg3Gif4Pd,0.00889,0.897,0.366,0.000353,0.0715,-8.029,0.0569,100.003,0.416,73,173386
371,Miss Americana & The Heartbreak Prince,Lover,2019-08-23,7,214nt20w5wOxJnY462klLw,spotify:track:214nt20w5wOxJnY462klLw,0.028,0.662,0.747,0.00615,0.138,-6.926,0.0736,150.088,0.487,72,234146
372,Paper Rings,Lover,2019-08-23,8,4y5bvROuBDPr5fuwXbIBZR,spotify:track:4y5bvROuBDPr5fuwXbIBZR,0.0129,0.811,0.719,1.36e-05,0.0742,-6.553,0.0497,103.979,0.865,82,222400
373,Cornelia Street,Lover,2019-08-23,9,12M5uqx0ZuwkpLp5rJim1a,spotify:track:12M5uqx0ZuwkpLp5rJim1a,0.781,0.824,0.624,0.000189,0.1,-9.728,0.0827,102.012,0.248,74,287266
374,Death By A Thousand Cuts,Lover,2019-08-23,10,2dgFqt3w9xIQRjhPtwNk3D,spotify:track:2dgFqt3w9xIQRjhPtwNk3D,0.454,0.712,0.732,0.0,0.319,-6.754,0.0629,94.071,0.313,74,198533
375,London Boy,Lover,2019-08-23,11,1LLXZFeAHK9R4xUramtUKw,spotify:track:1LLXZFeAHK9R4xUramtUKw,0.0246,0.695,0.71,0.000104,0.133,-6.639,0.05,157.925,0.557,74,190240
376,Soon You’ll Get Better (feat. The Chicks),Lover,2019-08-23,12,4AYtqFyFbX0Xkc2wtcygTr,spotify:track:4AYtqFyFbX0Xkc2wtcygTr,0.907,0.433,0.182,0.0,0.123,-12.566,0.0641,207.476,0.421,67,201586
377,False God,Lover,2019-08-23,13,5hQSXkFgbxjZo9uCwd11so,spotify:track:5hQSXkFgbxjZo9uCwd11so,0.736,0.739,0.32,0.000147,0.111,-10.862,0.239,79.97,0.351,72,200306
378,You Need To Calm Down,Lover,2019-08-23,14,6RRNNciQGZEXnqk8SQ9yv5,spotify:track:6RRNNciQGZEXnqk8SQ9yv5,0.00929,0.771,0.671,0.0,0.0637,-5.617,0.0553,85.026,0.714,77,171360
379,Afterglow,Lover,2019-08-23,15,1SymEzIT3H8UZfibCs3TYi,spotify:track:1SymEzIT3H8UZfibCs3TYi,0.13,0.756,0.449,0.0,0.114,-8.746,0.0344,111.011,0.399,77,223293
380,ME! (feat. Brendon Urie of Panic! At The Disco),Lover,2019-08-23,16,2Rk4JlNc2TPmZe2af99d45,spotify:track:2Rk4JlNc2TPmZe2af99d45,0.033,0.61,0.83,0.0,0.118,-4.105,0.0571,182.162,0.728,76,193000
381,It’s Nice To Have A Friend,Lover,2019-08-23,17,1SmiQ65iSAbPto6gPFlBYm,spotify:track:1SmiQ65iSAbPto6gPFlBYm,0.971,0.737,0.175,0.000337,0.171,-9.912,0.0401,70.008,0.545,68,150440
382,Daylight,Lover,2019-08-23,18,1fzAuUVbzlhZ1lJAx9PtY6,spotify:track:1fzAuUVbzlhZ1lJAx9PtY6,0.808,0.557,0.496,0.000173,0.0772,-9.602,0.0563,149.983,0.265,75,293453
398,...Ready For It?,reputation,2017-11-10,1,2yLa0QULdQr0qAIvVwN6B5,spotify:track:2yLa0QULdQr0qAIvVwN6B5,0.0527,0.613,0.764,0.0,0.197,-6.509,0.136,160.015,0.417,76,208186
399,End Game,reputation,2017-11-10,2,2x0WlnmfG39ZuDmstl9xfX,spotify:track:2x0WlnmfG39ZuDmstl9xfX,0.00845,0.649,0.589,0.0,0.108,-6.237,0.0558,159.073,0.151,74,244826
400,I Did Something Bad,reputation,2017-11-10,3,4svZDCRz4cJoneBpjpx8DJ,spotify:track:4svZDCRz4cJoneBpjpx8DJ,0.0679,0.696,0.602,2.11e-05,0.0696,-6.156,0.159,82.989,0.305,76,238253
401,Don’t Blame Me,reputation,2017-11-10,4,1R0a2iXumgCiFb7HEZ7gUE,spotify:track:1R0a2iXumgCiFb7HEZ7gUE,0.106,0.615,0.534,1.76e-05,0.0607,-6.719,0.0386,135.917,0.193,87,236413
402,Delicate,reputation,2017-11-10,5,6NFyWDv5CjfwuzoCkw47Xf,spotify:track:6NFyWDv5CjfwuzoCkw47Xf,0.216,0.75,0.404,0.000357,0.0911,-10.178,0.0682,95.045,0.0499,79,232253
403,Look What You Made Me Do,reputation,2017-11-10,6,1P17dC1amhFzptugyAO7Il,spotify:track:1P17dC1amhFzptugyAO7Il,0.204,0.766,0.709,1.41e-05,0.126,-6.471,0.123,128.07,0.506,79,211853
404,So It Goes...,reputation,2017-11-10,7,5PxFv9yJEg9dxvbZggykro,spotify:track:5PxFv9yJEg9dxvbZggykro,0.122,0.574,0.61,1.1e-06,0.13,-7.283,0.0732,74.957,0.374,69,227906
405,Gorgeous,reputation,2017-11-10,8,1ZY1PqizIl78geGM4xWlEA,spotify:track:1ZY1PqizIl78geGM4xWlEA,0.0713,0.8,0.535,9.48e-06,0.213,-6.684,0.135,92.027,0.451,79,209680
406,Getaway Car,reputation,2017-11-10,9,0VE4kBnHJUgtMf0dy6DRmW,spotify:track:0VE4kBnHJUgtMf0dy6DRmW,0.00465,0.562,0.689,2.23e-06,0.0888,-6.745,0.127,172.054,0.351,80,233626
407,King Of My Heart,reputation,2017-11-10,10,7HuBDWi18s4aJM8UFnNheH,spotify:track:7HuBDWi18s4aJM8UFnNheH,0.00882,0.675,0.703,2.21e-06,0.0391,-7.902,0.0382,110.01,0.314,73,214320
408,Dancing With Our Hands Tied,reputation,2017-11-10,11,7I7JbDv63ZJJsSi24DyJrz,spotify:track:7I7JbDv63ZJJsSi24DyJrz,0.0604,0.624,0.691,1.1e-05,0.138,-6.686,0.196,160.024,0.284,72,211506
409,Dress,reputation,2017-11-10,12,6oVxXO5oQ4pTpO8RSnkzvv,spotify:track:6oVxXO5oQ4pTpO8RSnkzvv,0.0329,0.719,0.469,0.0,0.169,-8.792,0.0533,120.085,0.0851,74,230373
410,This Is Why We Can't Have Nice Things,reputation,2017-11-10,13,07NxDD1iKCHbAldceD7QLP,spotify:track:07NxDD1iKCHbAldceD7QLP,0.0156,0.567,0.789,0.0,0.382,-5.986,0.115,163.96,0.438,72,207133
411,Call It What You Want,reputation,2017-11-10,14,1GwMQaZz6Au3QLDbjbMdme,spotify:track:1GwMQaZz6Au3QLDbjbMdme,0.186,0.598,0.504,0.000221,0.34,-9.874,0.0731,163.954,0.252,74,203506
412,New Year’s Day,reputation,2017-11-10,15,7F5oktn5YOsR9eR5YsFtqb,spotify:track:7F5oktn5YOsR9eR5YsFtqb,0.921,0.661,0.151,0.0,0.13,-12.864,0.0354,94.922,0.23,72,235466
603,Welcome To New York,1989 (Deluxe Edition),2014-10-27,1,33Kq0AT5rvwyE4azisG08x,spotify:track:33Kq0AT5rvwyE4azisG08x,0.0348,0.789,0.634,1.64e-06,0.302,-4.762,0.0323,116.992,0.658,58,212600
604,Blank Space,1989 (Deluxe Edition),2014-10-27,2,2sC2P3BN0IXujNaaSyDmtP,spotify:track:2sC2P3BN0IXujNaaSyDmtP,0.103,0.76,0.703,0.0,0.0913,-5.412,0.054,95.997,0.57,62,231826
605,Style,1989 (Deluxe Edition),2014-10-27,3,1fo2ctLqj3zBhRQKOXprol,spotify:track:1fo2ctLqj3zBhRQKOXprol,0.00245,0.588,0.791,0.00258,0.118,-5.595,0.0402,94.933,0.487,65,231000
606,Out Of The Woods,1989 (Deluxe Edition),2014-10-27,4,6Nde5KuTXyB7jlPO4upaBo,spotify:track:6Nde5KuTXyB7jlPO4upaBo,0.000743,0.553,0.841,1.19e-05,0.341,-6.937,0.0396,92.008,0.338,62,235800
607,All You Had To Do Was Stay,1989 (Deluxe Edition),2014-10-27,5,0lmMtDQ2ElasKU2qDAE6NN,spotify:track:0lmMtDQ2ElasKU2qDAE6NN,0.00201,0.605,0.725,2.02e-05,0.101,-5.729,0.0323,96.97,0.539,60,193293
608,Shake It Off,1989 (Deluxe Edition),2014-10-27,6,3fthfkkvy9av3q3uAGVf7U,spotify:track:3fthfkkvy9av3q3uAGVf7U,0.0647,0.647,0.8,0.0,0.334,-5.384,0.165,160.078,0.942,59,219200
609,I Wish You Would,1989 (Deluxe Edition),2014-10-27,7,1B5VzXPqMlvRw0U4HJY3dJ,spotify:track:1B5VzXPqMlvRw0U4HJY3dJ,0.0158,0.653,0.893,4.95e-05,0.102,-5.966,0.0538,118.035,0.513,64,207440
610,Bad Blood,1989 (Deluxe Edition),2014-10-27,8,0yN4fNzmVnmgC0dsOoi9Wh,spotify:track:0yN4fNzmVnmgC0dsOoi9Wh,0.0885,0.646,0.794,6.16e-06,0.201,-6.104,0.19,170.216,0.287,59,211933
611,Wildest Dreams,1989 (Deluxe Edition),2014-10-27,9,106R7Z57WYzBAfrXImV30y,spotify:track:106R7Z57WYzBAfrXImV30y,0.0692,0.55,0.688,0.00144,0.106,-7.416,0.0897,139.997,0.465,58,220440
612,How You Get The Girl,1989 (Deluxe Edition),2014-10-27,10,6wfugRLamFsTRbPcCpNnP7,spotify:track:6wfugRLamFsTRbPcCpNnP7,0.00364,0.765,0.656,0.00868,0.0918,-6.112,0.0504,119.997,0.545,64,247533
613,This Love,1989 (Deluxe Edition),2014-10-27,11,1kTPQnabROVkW9bUXdCGrB,spotify:track:1kTPQnabROVkW9bUXdCGrB,0.678,0.481,0.435,0.0,0.0928,-8.795,0.0321,143.95,0.107,57,250093
614,I Know Places,1989 (Deluxe Edition),2014-10-27,12,2zfgVd034GlUvk7LqBHl6u,spotify:track:2zfgVd034GlUvk7LqBHl6u,0.245,0.602,0.755,0.0,0.178,-4.991,0.071,159.965,0.495,61,195706
615,Clean,1989 (Deluxe Edition),2014-10-27,13,4bXCcoesMt8u99xMsbLr9U,spotify:track:4bXCcoesMt8u99xMsbLr9U,0.232,0.815,0.377,0.0,0.1,-7.754,0.0346,103.97,0.211,66,271000
616,Wonderland,1989 (Deluxe Edition),2014-10-27,14,6iWMI5oOhWrDbLbjmwTWFq,spotify:track:6iWMI5oOhWrDbLbjmwTWFq,0.0493,0.422,0.692,2.57e-05,0.177,-5.447,0.0549,184.014,0.197,65,245560
617,You Are In Love,1989 (Deluxe Edition),2014-10-27,15,4A2LfnduSTsE8u0ecYROxE,spotify:track:4A2LfnduSTsE8u0ecYROxE,0.707,0.474,0.48,0.000108,0.0903,-8.894,0.0622,170.109,0.319,65,267106
618,New Romantics,1989 (Deluxe Edition),2014-10-27,16,6rZVy6FIG7lSJQMFXHo12z,spotify:track:6rZVy6FIG7lSJQMFXHo12z,0.00463,0.633,0.889,0.000458,0.0658,-5.87,0.0715,121.956,0.584,69,230466
619,I Know Places - Voice Memo,1989 (Deluxe Edition),2014-10-27,17,4JQm7ebhsrt10wmrP6AfXL,spotify:track:4JQm7ebhsrt10wmrP6AfXL,0.829,0.592,0.128,0.0,0.527,-17.932,0.589,78.828,0.15,45,216333
620,I Wish You Would - Voice Memo,1989 (Deluxe Edition),2014-10-27,18,4TtyvyI42C0KFnbDZvNC8Y,spotify:track:4TtyvyI42C0KFnbDZvNC8Y,0.717,0.781,0.357,0.0,0.185,-16.394,0.912,118.317,0.645,42,107133
621,Blank Space - Voice Memo,1989 (Deluxe Edition),2014-10-27,19,0yisH8r0f3Mkq34kjzUlCV,spotify:track:0yisH8r0f3Mkq34kjzUlCV,0.801,0.675,0.234,0.0,0.657,-15.064,0.721,127.296,0.578,43,131186
944,Mine,Speak Now (Deluxe Edition),2010-10-25,1,6LZaxlycSWrJZ4Volb25qx,spotify:track:6LZaxlycSWrJZ4Volb25qx,0.00265,0.624,0.757,1.87e-06,0.189,-2.94,0.0296,121.07,0.658,58,230706
945,Sparks Fly,Speak Now (Deluxe Edition),2010-10-25,2,1q8E1FfFuhd12c5JcJwPxQ,spotify:track:1q8E1FfFuhd12c5JcJwPxQ,0.0396,0.605,0.787,1.42e-06,0.163,-3.002,0.0308,114.987,0.374,59,260933
946,Back To December,Speak Now (Deluxe Edition),2010-10-25,3,7lxADouiWFkwR7ZV2GKUcH,spotify:track:7lxADouiWFkwR7ZV2GKUcH,0.117,0.529,0.67,0.0,0.334,-4.663,0.0303,141.893,0.286,60,293026
947,Speak Now,Speak Now (Deluxe Edition),2010-10-25,4,1nYWTzy5zu3zEPNgB1sItW,spotify:track:1nYWTzy5zu3zEPNgB1sItW,0.095,0.709,0.599,0.0,0.0973,-3.734,0.0304,118.975,0.735,57,240760
948,Dear John,Speak Now (Deluxe Edition),2010-10-25,5,1ubvV5ECkm6nSI6g1HmbBK,spotify:track:1ubvV5ECkm6nSI6g1HmbBK,0.166,0.589,0.47,1.45e-06,0.112,-5.32,0.028,119.386,0.102,62,403920
949,Mean,Speak Now (Deluxe Edition),2010-10-25,6,4N60XfcTE1ysLZGbYgnYXq,spotify:track:4N60XfcTE1ysLZGbYgnYXq,0.452,0.568,0.761,0.0,0.217,-3.987,0.0459,163.974,0.789,57,237733
950,The Story Of Us,Speak Now (Deluxe Edition),2010-10-25,7,19tHCfzUSoy5HkpxcmbA0A,spotify:track:19tHCfzUSoy5HkpxcmbA0A,0.00478,0.543,0.818,0.000368,0.0357,-3.611,0.0398,139.898,0.683,57,265666
951,Never Grow Up,Speak Now (Deluxe Edition),2010-10-25,8,74WBGgUnpKrJXt6TETfR6Z,spotify:track:74WBGgUnpKrJXt6TETfR6Z,0.819,0.714,0.305,0.0,0.174,-8.837,0.0305,124.91,0.554,58,290466
952,Enchanted,Speak Now (Deluxe Edition),2010-10-25,9,14LtANuaslKWyYbktUrHBU,spotify:track:14LtANuaslKWyYbktUrHBU,0.0739,0.455,0.623,0.000424,0.146,-3.878,0.0288,163.893,0.208,61,352186
953,Better Than Revenge,Speak Now (Deluxe Edition),2010-10-25,10,1By2VQkUN0Frd8mKNV5NYC,spotify:track:1By2VQkUN0Frd8mKNV5NYC,0.0139,0.516,0.917,6.37e-06,0.36,-3.186,0.0827,145.821,0.635,65,217160
954,Innocent,Speak Now (Deluxe Edition),2010-10-25,11,3kfgJql90tzgoxByioAMXR,spotify:track:3kfgJql90tzgoxByioAMXR,0.186,0.552,0.608,0.0,0.125,-5.29,0.0259,134.05,0.17,54,302253
955,Haunted,Speak Now (Deluxe Edition),2010-10-25,12,11UaQaEp2LvdspTyyuE3ur,spotify:track:11UaQaEp2LvdspTyyuE3ur,0.0826,0.436,0.95,1.08e-06,0.149,-2.627,0.057,162.088,0.352,61,242080
956,Last Kiss,Speak Now (Deluxe Edition),2010-10-25,13,1D27z8xNzjW0Mwwt1NCWhJ,spotify:track:1D27z8xNzjW0Mwwt1NCWhJ,0.57,0.371,0.341,3.09e-05,0.101,-9.475,0.0319,89.038,0.196,60,367133
957,Long Live,Speak Now (Deluxe Edition),2010-10-25,14,7DjCRhhFo9PPzca1BjMLcf,spotify:track:7DjCRhhFo9PPzca1BjMLcf,0.036,0.418,0.68,7.59e-05,0.114,-4.3,0.0347,204.12,0.142,58,317453
958,Ours,Speak Now (Deluxe Edition),2010-10-25,15,1EQn3Uc5AyUXoiPLeyCrrg,spotify:track:1EQn3Uc5AyUXoiPLeyCrrg,0.537,0.608,0.569,0.0,0.097,-7.227,0.0284,159.845,0.238,59,237920
959,If This Was A Movie,Speak Now (Deluxe Edition),2010-10-25,16,0vvt4IZOMkRug195S4MUq0,spotify:track:0vvt4IZOMkRug195S4MUq0,0.166,0.511,0.719,4.54e-06,0.34,-3.457,0.0265,147.852,0.289,57,234546
960,Superman,Speak Now (Deluxe Edition),2010-10-25,17,2R7C9dDqv1UPycvepBFziA,spotify:track:2R7C9dDqv1UPycvepBFziA,0.0268,0.582,0.765,1.95e-06,0.103,-3.648,0.0324,131.982,0.559,54,275960
961,Back To December - Acoustic,Speak Now (Deluxe Edition),2010-10-25,18,6IH2Z54gYPLqgJtxZjX80i,spotify:track:6IH2Z54gYPLqgJtxZjX80i,0.748,0.541,0.453,0.0,0.2,-6.459,0.0266,141.757,0.377,55,292560
962,Haunted - Acoustic Version,Speak Now (Deluxe Edition),2010-10-25,19,62rlxI6g2PNaWsHoiRryto,spotify:track:62rlxI6g2PNaWsHoiRryto,0.842,0.563,0.443,0.0,0.293,-5.078,0.0247,80.962,0.313,54,217613
963,Mine - POP Mix,Speak Now (Deluxe Edition),2010-10-25,20,0fAbfDiuQiUwV7FUcFfRGY,spotify:track:0fAbfDiuQiUwV7FUcFfRGY,0.00727,0.695,0.723,1.2e-06,0.1,-3.806,0.0285,121.011,0.679,49,230333
1177,Tim McGraw,Taylor Swift,2006-10-24,1,0Om9WAB5RS09L80DyOfTNa,spotify:track:0Om9WAB5RS09L80DyOfTNa,0.575,0.58,0.491,0.0,0.121,-6.462,0.0251,76.009,0.425,63,232106
1178,Picture To Burn,Taylor Swift,2006-10-24,2,32mVHdy0bi1XKgr0ajsBlG,spotify:track:32mVHdy0bi1XKgr0ajsBlG,0.173,0.658,0.877,0.0,0.0962,-2.098,0.0323,105.586,0.821,67,173066
1179,Teardrops On My Guitar - Radio Single Remix,Taylor Swift,2006-10-24,3,7zMcNqs55Mxer82bvZFkpg,spotify:track:7zMcNqs55Mxer82bvZFkpg,0.288,0.621,0.417,0.0,0.119,-6.941,0.0231,99.953,0.289,66,203040
1180,A Place in this World,Taylor Swift,2006-10-24,4,73OX8GdpOeGzKC6OvGSbsv,spotify:track:73OX8GdpOeGzKC6OvGSbsv,0.051,0.576,0.777,0.0,0.32,-2.881,0.0324,115.028,0.428,55,199200
1181,Cold As You,Taylor Swift,2006-10-24,5,7an1exwMnfYRcdVQm0yDev,spotify:track:7an1exwMnfYRcdVQm0yDev,0.217,0.418,0.482,0.0,0.123,-5.769,0.0266,175.558,0.261,55,239013
1182,The Outside,Taylor Swift,2006-10-24,6,2QA3IixpRcKyOdG7XDzRgv,spotify:track:2QA3IixpRcKyOdG7XDzRgv,0.00491,0.589,0.805,0.0,0.24,-4.055,0.0293,112.982,0.591,53,207106
1183,Tied Together with a Smile,Taylor Swift,2006-10-24,7,6K0CJLVXqbGMeJSmJ4ENKK,spotify:track:6K0CJLVXqbGMeJSmJ4ENKK,0.525,0.479,0.578,0.0,0.0841,-4.963,0.0294,146.165,0.192,54,248106
1184,Stay Beautiful,Taylor Swift,2006-10-24,8,2ZoOmCSgj0ypVAmGd1ve4y,spotify:track:2ZoOmCSgj0ypVAmGd1ve4y,0.0868,0.594,0.629,0.0,0.137,-4.919,0.0246,131.597,0.504,54,236053
1185,Should've Said No,Taylor Swift,2006-10-24,9,16MVSD0mGI4RMQT83Qzm69,spotify:track:16MVSD0mGI4RMQT83Qzm69,0.0103,0.476,0.777,0.0,0.196,-3.771,0.0289,167.964,0.472,64,242200
1186,Mary's Song (Oh My My My),Taylor Swift,2006-10-24,10,2QrQCMel6v2JiLxqrg4p2O,spotify:track:2QrQCMel6v2JiLxqrg4p2O,0.0177,0.403,0.627,0.0,0.182,-5.28,0.0292,74.9,0.374,56,213080
1187,Our Song,Taylor Swift,2006-10-24,11,15DeqWWQB4dcEWzJg15VrN,spotify:track:15DeqWWQB4dcEWzJg15VrN,0.111,0.668,0.672,0.0,0.329,-4.931,0.0303,89.011,0.539,71,201106
1188,I'm Only Me When I'm With You,Taylor Swift,2006-10-24,12,0JIdBrXGSJXS72zjF9ss9u,spotify:track:0JIdBrXGSJXS72zjF9ss9u,0.00452,0.563,0.934,0.000807,0.103,-3.629,0.0646,143.964,0.518,57,213053
1189,Invisible,Taylor Swift,2006-10-24,13,5OOd01o2YS1QFwdpVLds3r,spotify:track:5OOd01o2YS1QFwdpVLds3r,0.637,0.612,0.394,0.0,0.147,-5.723,0.0243,96.001,0.233,53,203226
1190,A Perfectly Good Heart,Taylor Swift,2006-10-24,14,1spLfUJxtyVyiKKTegQ2r4,spotify:track:1spLfUJxtyVyiKKTegQ2r4,0.00349,0.483,0.751,0.0,0.128,-5.726,0.0365,156.092,0.268,51,220146
1191,Teardrops on My Guitar - Pop Version,Taylor Swift,2006-10-24,15,4pJi1rVt9GNegU9kywjg4z,spotify:track:4pJi1rVt9GNegU9kywjg4z,0.0402,0.459,0.753,0.0,0.0863,-3.827,0.0537,199.997,0.483,53,179066
